<?xml version="1.0" encoding="UTF-8"?>
<project-private xmlns="http://www.netbeans.org/ns/project-private/1">
    <editor-bookmarks xmlns="http://www.netbeans.org/ns/editor-bookmarks/2" lastBookmarkId="0"/>
    <open-files xmlns="http://www.netbeans.org/ns/projectui-open-files/2">
        <group>
            <file>file:/C:/Users/baimb/Documents/Documents/Texas%20A&amp;M%20Classes/CIS%203332%20-Java%20Programing/Homework4Project2/src/homework4project2/RoomDimension.java</file>
            <file>file:/C:/Users/baimb/Documents/Documents/Texas%20A&amp;M%20Classes/CIS%203332%20-Java%20Programing/Homework4Project2/src/homework4project2/RoomCarpet.java</file>
            <file>file:/C:/Users/baimb/Documents/Documents/Texas%20A&amp;M%20Classes/CIS%203332%20-Java%20Programing/Homework4Project2/src/homework4project2/Homework4Project2.java</file>
        </group>
    </open-files>
</project-private>
